model,vendor,country,year_released,tdp_watts,msrp_usd,annual_energy_usd,lifetime_energy_usd,tco_usd,energy_share,allin_usd_per_pflops_hour,price_power_equals_silicon,life_years,elec_price_usd_kwh,pue_scenario,retrieved
V100 SXM2,NVIDIA,US,2017,300,10000,304.4611584,1522.3057919999999,11522.305792,0.13211815581712344,2.6306634228310504,0.5662462854243676,5,0.0862,hyperscaler_modern,2026-05-29
A100 SXM 80GB,NVIDIA,US,2020,400,15000,405.9482112000001,2029.7410560000005,17029.741056,0.1191880163841289,1.5577198454513521,0.6370270711024134,5,0.0862,hyperscaler_modern,2026-05-29
H100 SXM5,NVIDIA,US,2022,700,30000,710.4093696000001,3552.0468480000004,33552.046848,0.10586677063523874,0.9672076601632766,0.7280309384027582,5,0.0862,hyperscaler_modern,2026-05-29
H200 SXM,NVIDIA,US,2024,700,32000,710.4093696000001,3552.0468480000004,35552.046848,0.09991117707474058,1.024861827406485,0.7765663342962754,5,0.0862,hyperscaler_modern,2026-05-29
B200,NVIDIA,US,2025,1000,35000,1014.8705280000001,5074.352640000001,40074.35264,0.1266234463120201,0.5082997544393708,0.5945585996955859,5,0.0862,hyperscaler_modern,2026-05-29
GB200 superchip,NVIDIA,US,2025,2700,70000,2740.150425600001,13700.752128000006,83700.75212800001,0.1636873239448079,0.5308266877727043,0.4404137775522858,5,0.0862,hyperscaler_modern,2026-05-29
MI300X,AMD,US,2023,750,18000,761.1528960000002,3805.7644800000007,21805.76448,0.174530202024818,0.47613667187221603,0.4076973255055446,5,0.0862,hyperscaler_modern,2026-05-29
Ascend 910B,Huawei,China,2023,400,16000,405.9482112000001,2029.7410560000005,18029.741056,0.11257738254230425,1.3684771398037499,0.679495542509241,5,0.0862,hyperscaler_modern,2026-05-29
Ascend 910C,Huawei,China,2025,700,20000,710.4093696000001,3552.0468480000004,23552.046848,0.15081690652724028,0.8617275073176442,0.48535395893517214,5,0.0862,hyperscaler_modern,2026-05-29
